{
    "theta0": 2.0354088784794536e-16,
    "theta1": -0.8561394207905023,
    "mean_mileage": 101066.25,
    "std_mileage": 51565.1899106445,
    "mean_price": 6331.833333333333,
    "std_price": 1291.8688873961714
}